{
    "speed_mean": 7.428840805898978,
    "speed_std": 3.0526780078739315,
    "slope_mean": 0.004259188287766872,
    "slope_std": 0.10325711773634587,
    "past_dt": 3.0,
    "future_dt": 3.0,
    "step": 0.5
}