{
    "speed_mean": 4.39275521085417,
    "speed_std": 4.152767492492009,
    "slope_mean": -0.008386154257055651,
    "slope_std": 0.1425506852466346
}